Name,Password,Email,Userrole,Premiumpackage,Contactsleft,Userimage,Profileid,Gender,Dob,Hight,Weight,Complexion,Bodytype,Maritalstatus,Noofchildren,Physicalstatus,Mothertongue,Nativeplace,Bloodgroup,Profilecreatedfor,Religion,Caste,Star,Jathakam,Educationcategory,Educationtype,Occupation,Occupationtype,Jobcountry,Jobstate,Jobdistrict,Jobcity,Anualincome,Residenceaddr,Userlocation,Phonenumber,Whatsapp,Prefferedcontact,Prefferedcontactpersonname,Prefferedcontactrelaion,Fathername,Fathereducation,Fatheroccupation,Fatheroccupationdetail,Mothername,Mothereducation,Motheroccupation,Motheroccupationdetail,Noofmarriedbrothers,Noofmarriedsisters,Noofunmarriedbrothers,Noofunmarriedsisters,Familytype,Familyvalue,Financialstatus,Userownerof,Eatinghabbits,Drinkinghabbits,Somkinghabbits,Languegesknow,Hobbies,Intrests,Minage,Maxage,Minheight,Maxheight,Pcomplexion,Pbodytype,Pmaritalstatus,Pphysicalstatus,Pfamilystatus,Preligion,Pcaste,Pstar,Pjaathakam,Peducationcategory,Poccupation,Panualincome,Pcountry,Pstate,Pdistrict,Lookingfor,About
admin,admin123,admin123@admin.com,admin,,,dbDetails.xlsx,admin1,none,none,,,,,,,,,,,,none,none,,,,,,,,,,,,,,0000000000,,,,,,,,,,,,,,,,,,,,,,,,,,,,,,,,,,,,,,,,,,,,,,,
SHARON POSHAN JOHN,defpass123,EKM500001@email.com,user,free,0,,EKM500001,male,30 /04-10-1991,5 ft 2 in - 157 cm,45 kg,Fair,Average,UnMarried,0,Normal,Malayalam,Trivandrum,NM,Parents,Christian,Latin Catholic,uthradam,chovadosham,Doctorate,B.Tech,Abroad,Sr. Software Engineer,"Cognizant, Bangalore",Bangalore,"Cognizant, Bangalore",Bangalore,Not Mentioned,"Ernakulam,aluva,682234","Fortkochi, Kochi,682043",9995050001.0,8078565631.0,8078565631.0,SHARON ROSHAN JOHN,parent,L John,B.Tech,Retired Associate Professor,Retired Associate Professor,Mary Magdaline,B.Tech,Homemaker,Homemaker,2,0,0,0,Nuclear family,Moderate,Upper Middle Class,"house,car",Non Vegetarian,Don't Drink,Don't Smoke,"English,malayalam",Reading,Traveling,23,31,163 cm,165 cm,Fair,Average,UnMarried,Normal,Upper Middle Class,Christian,Latin Catholic,uthradam,chovadosham,B.Tech,Retired Associate Professor,,Algeria,kerala,ERNAKULAM,"simple family,goodlooking girl","She has completed her schooling in Holy Angel's ISC, Trivandrum and her B.Tech from Mar Baselios College of Engineering & Technology,Trivandrum."
MARIYA AUSTIN,defpass123,EKM500002@email.com,user,free,0,,EKM500002,Female,30 /21-02-1992,5 ft - 152 cm,50 kg,Fair,Average,UnMarried,0,Normal,Malayalam,Ernakulam,B+ve,Parents,Christian,Latin Catholic,thiruvonam,shudhajathakam,Masters,BBA,Defence,Working in Non IT Company in Infopark,"Infopark ,Kakkanad",Cochin,"Infopark ,Kakkanad",Cochin,Not Mentioned,"Ernakulam,aluva,682234","Fortkochi, Kochi,682043",9995050002.0,8078565632.0,8078565632.0,MARIYA AUSTIN,uncle,Austin,BBA,Own Business,Own Business,Rekha George ( Rcsc),BBA,Housewife,Housewife,1,1,0,0,Joint family,Moderate,Upper Middle Class,bike,Eggetarian,Don't Drink,Don't Smoke,"malayalam,hindi",Browsing,Traveling,24,32,160 cm,170 cm,Fair,Average,UnMarried,Normal,Upper Middle Class,Christian,Latin Catholic,thiruvonam,shudhajathakam,BBA,Own Business,,Algeria,tamilnadu,Thiruvananthapuram,orthodox familyand lovable ,"Our daughter Maria was born and bought up in Ernakulam city itself .She completed her schooling in CBSE school in Vyttila and completed her BBA degree under MGUniversity in Ernakulam .And was working in Ernakulam for past 5 years in reputed firm in Kochi .Also doing MBA (International Business) with her job and planning to go Abroad and she is trying for that to. Our daughter comes from middle class family . The most important thing in her life is religious believes ,moral values and respect for elders.She is modern thinker but also believe in good values given by our ancestors .She love pets ,cooking new receipes,going on trips with family ,listening to music and watch latest movies .She is well open minded ,fun ,loving and caring girl in our family with her happy moods . Those who are interested in our daughters profile can contact us on any time 8075033009."
TINA ANTONY,defpass123,EKM500003@email.com,user,free,0,,EKM500003,male,31 /19-07-1990,5 ft 6 in - 167 cm,50 kg,Fair,Slim,UnMarried,0,Normal,Malayalam,Alappuzha,A+ve,Parents,Christian,Latin Catholic,chothi,chovadosham,Bachelors,MBA,Government,Auditor,BDO,Bangalore,BDO,Bangalore,Not Mentioned,"Ernakulam,aluva,682234","Fortkochi, Kochi,682043",9995050003.0,8078565633.0,8078565633.0,TINA ANTONY,brother,Antony J Purackal,MBA,Retired (Revenue Dept),Retired (Revenue Dept),Maria Antony,MBA,"Retired Govt Employee, Ksrtc","Retired Govt Employee, Ksrtc",0,0,0,0,Nuclear family,Liberal,Upper Middle Class,"house,car",Vegetarian,Don't Drink,Don't Smoke,"English,malayalam",Reading,Traveling,23,31,159 cm,165 cm,Fair,Slim,UnMarried,Normal,Upper Middle Class,Christian,Latin Catholic,chothi,chovadosham,MBA,Retired (Revenue Dept),10 lakhs-12 lakhs Indian Rupee,Algeria,kerala,Kollam,"simple family,goodlooking girl","Tina did Graduation in Commerce from Naipunnya and Post Gradution in Finance and Marketing from Rajagiri School of Management, Kakkanad. She worked at KPMG, Cochin for 5 years as Team lead in Audit and few months in KPMG USA - San francisco office as an Audit Associate. Later she resigned from KPMG and worked as freelancer for few years. She joined BDO Bangalore as Auditor. She has also completed MA in sociology out of interest in subject. Did her schooling from St Marys School and Sree Sankara School, Cherthala."
ANU UNNY,defpass123,EKM500004@email.com,user,free,0,,EKM500004,Female,36 /28-10-1985,5 ft - 152 cm,53 kg,Fair,Average,UnMarried,0,Normal,Malayalam,North paravur,A+ve,Parents,Christian,Latin Catholic,makam,shudhajathakam,Diploma,MA,Homemaker,Assistant Professor,Kerala University,Trivandrum,Kerala University,Trivandrum,Not Mentioned,"Ernakulam,aluva,682234","Fortkochi, Kochi,682043",9995050004.0,8078565634.0,8078565634.0,ANU UNNY,sister,Emmanuel Unny,MA,Agriculture,Agriculture,Daisy Mj,MA,Teacher,Teacher,1,1,1,0,Joint family,Moderate,Upper Middle Class,bike,Non Vegetarian,Don't Drink,Don't Smoke,"malayalam,hindi",Browsing,Traveling,24,32,155 cm,170 cm,Fair,Average,UnMarried,Normal,Upper Middle Class,Christian,Latin Catholic,makam,shudhajathakam,MA,Agriculture,,Andorra,tamilnadu,Pathanamthitta,orthodox familyand lovable ,Highly educated....asst professor..no dislikes
JYOTHI T ,defpass123,EKM500005@email.com,user,free,0,,EKM500005,male,32 /14-02-1990,5 ft 1 in - 154 cm,Not Mentioned,Fair,Slim,UnMarried,0,Normal,Malayalam,Trivandrum,B+ve,Parents,Christian,Latin Catholic,moolam,chovadosham,Trade School / TTC / ITI,B.COM,Not Working,Accountant,Trivandrum,Trivandrum,Trivandrum,Trivandrum,Not Mentioned,"Ernakulam,aluva,682234","Fortkochi, Kochi,682043",9995050001.0,8078565635.0,8078565635.0,JYOTHI T ,parent,Ganesan C,B.COM,Retd Delhi Police(Inspector),Retd Delhi Police(Inspector),Thankamony,B.COM,House Wife,House Wife,0,0,2,2,Nuclear family,Moderate,MiddleClass,"house,car",Eggetarian,Don't Drink,Don't Smoke,"English,malayalam",Reading,Traveling,23,31,162 cm,165 cm,Fair,Slim,UnMarried,Normal,MiddleClass,Christian,Latin Catholic,moolam,chovadosham,B.COM,Retd Delhi Police(Inspector),12 lakhs-15 lakhs Indian Rupee,Angola,kerala,Alappuzha,"simple family,goodlooking girl",-simple and god fearing girl
RIA MARY,defpass123,EKM500006@email.com,user,free,0,,EKM500006,Female,32 /07-05-1989,5 ft - 152 cm,55 kg,Fair,Slim,UnMarried,0,Normal,Malayalam,Angamaly Aluva,B+ve,Parents,Christian,Latin Catholic,uthradam,shudhajathakam,Higher Secondary / Plus Two,B.Tech,Nurse,"Project Engineer, Infopark MNC",Cochin,Cochin,Cochin,Cochin,Not Mentioned,"Ernakulam,aluva,682234","Fortkochi, Kochi,682043",9995050002.0,8078565636.0,8078565636.0,RIA MARY,uncle,Aloysius V. F.,B.Tech,Finance Manager,Finance Manager,Treasa Aloysius,B.Tech,House Wife,House Wife,0,0,0,0,Joint family,Liberal,MiddleClass,bike,Vegetarian,Don't Drink,Don't Smoke,"malayalam,hindi",Browsing,Traveling,24,32,167 cm,170 cm,Fair,Slim,UnMarried,Normal,MiddleClass,Christian,Latin Catholic,uthradam,shudhajathakam,B.Tech,Finance Manager,,Anguilla,tamilnadu,Kottayam,orthodox familyand lovable ,"Completed B.Tech in Applied Electronics And Instrumentation, from Rajagiri School of Engineering and Technology in the year 2011. Through campus placement got into MNC as project engineer."
SOUMYA GEORGE K,defpass123,EKM500007@email.com,user,free,0,,EKM500007,male,33 /13-09-1988,5 ft 1 in - 154 cm,55 kg,Very Fair,Slim,Divorcee,0,Normal,Malayalam,Ernakulam,O+ve,Parents,Christian,Latin Catholic,thiruvonam,chovadosham,High School,M.Com,Own Business,Guest Management Faculty,Management Institute,Ernakulam,Management Institute,Ernakulam,Not Mentioned,"Ernakulam,aluva,682234","Fortkochi, Kochi,682043",9995050003.0,8078565637.0,8078565637.0,SOUMYA GEORGE K,brother,K. A George,M.Com,Retired Cochin Shipyard Employee,Retired Cochin Shipyard Employee,Philomina George,M.Com,Homemaker,Homemaker,1,1,0,0,Nuclear family,Moderate,MiddleClass,"house,car",Non Vegetarian,Don't Drink,Don't Smoke,"English,malayalam",Reading,Traveling,23,31,158 cm,165 cm,Very Fair,Slim,Divorcee,Normal,MiddleClass,Christian,Latin Catholic,thiruvonam,chovadosham,M.Com,Retired Cochin Shipyard Employee,,Antarctica,kerala,Idukki,"simple family,goodlooking girl","Simple, god fearing, loving and caring person with good family values. Her first marriage lasted only for two and half months and got divorced due to unavoidable reasons which can be shared with your family."
PRIMA MAXI,defpass123,EKM500008@email.com,user,free,0,,EKM500008,Female,37 /11-12-1984,5 ft 2 in - 157 cm,60 kg,Fair,Average,Widow/Widower,1,Normal,Malayalam,Thevara,NM,Parents,Christian,Latin Catholic,chothi,shudhajathakam,Doctorate,BE,Partner In Business,Software Professional,Not Mentioned,Kuwait,Not Mentioned,Kuwait,Not Mentioned,"Ernakulam,aluva,682234","Fortkochi, Kochi,682043",9995050004.0,8078565631.0,8078565631.0,PRIMA MAXI,sister,Joseph Aloysious (Maxi),BE,Rtd. Asst. Exe. Engineer (Kse Board),Rtd. Asst. Exe. Engineer (Kse Board),Irine Aloysious (Jessy),BE,Home Maker,Home Maker,1,0,1,1,Joint family,Moderate,Upper Middle Class,bike,Eggetarian,Don't Drink,Don't Smoke,"malayalam,hindi",Browsing,Traveling,24,32,160 cm,170 cm,Fair,Average,Widow/Widower,Normal,Upper Middle Class,Christian,Latin Catholic,chothi,shudhajathakam,BE,Rtd. Asst. Exe. Engineer (Kse Board),Less than 50000 Indian Rupee,Argentina,tamilnadu,Thrissur,orthodox familyand lovable ,-
ASHLEY T. SONNY,defpass123,EKM500009@email.com,user,free,0,,EKM500009,male,32 /15-12-1989,5 ft 1 in - 154 cm,55 kg,Fair,Average,UnMarried,0,Normal,Malayalam,"Vennala, Palarivattom",B+ve,Parents,Christian,Latin Catholic,makam,chovadosham,Masters,B.Tech,Private Company,Hardware Engineer,Qualcomm(CWF),Bangalore,Qualcomm(CWF),Bangalore,Not Mentioned,"Ernakulam,aluva,682234","Fortkochi, Kochi,682043",9995050001.0,8078565632.0,8078565632.0,ASHLEY T. SONNY,parent,Sonny T. Alexander,B.Tech,Ex Nri,Ex Nri,Baby Sonny,B.Tech,House Wife,House Wife,1,1,0,0,Nuclear family,Liberal,Upper Middle Class,"house,car",Vegetarian,Don't Drink,Don't Smoke,"English,malayalam",Reading,Traveling,23,31,165 cm,165 cm,Fair,Average,UnMarried,Normal,Upper Middle Class,Christian,Latin Catholic,makam,chovadosham,B.Tech,Ex Nri,20 lakhs-40 lakhs Indian Rupee,Armenia,kerala, Palakkad,"simple family,goodlooking girl","Schooling from Rajagiri Public School, Ernakulam, +2 from Model Technical HSS Kaloor, Ernakulam. B.Tech ECE from Colleege of Engineering, Adoor, M.Tech from Rajagiri School of Engg.&Tech, Now working at Qualcomm(CWF) bangalore."
DONNA JOY,defpass123,EKM500010@email.com,user,free,0,,EKM500010,Female,30 /18-06-1991,5 ft 5 in - 165 cm,52 kg,Medium,Slim,UnMarried,0,Normal,Malayalam,Ernakulam,O+ve,Siblings,Christian,Latin Catholic,moolam,shudhajathakam,Bachelors,Graduation,Private Bank,Associate Director in movies,Freelance,India,Freelance,India,Not Mentioned,"Ernakulam,aluva,682234","Fortkochi, Kochi,682043",9995050002.0,8078565633.0,9995050002.0,DONNA JOY,uncle,Joy Mathew,Graduation,Ex-Nri,Ex-Nri,Pouly Joy,Graduation,Housewife,Housewife,1,1,2,2,Joint family,Moderate,MiddleClass,bike,Non Vegetarian,Don't Drink,Don't Smoke,"malayalam,hindi",Browsing,Traveling,24,32,156 cm,170 cm,Medium,Slim,UnMarried,Normal,MiddleClass,Christian,Latin Catholic,moolam,shudhajathakam,Graduation,Ex-Nri,,Aruba,tamilnadu,Malappuram,orthodox familyand lovable ,"She is an independent woman who is ambitious and career oriented, who is passionate about directing movies. Currently working as Associate Director. Her graduation was in Visual Communication after which she pursued her career in event management and later ventured into film industry after her Masters. She loves travelling and is also a foodie. She is a fun loving person and is always cheerful."
ELIZABETH TENY THOMAS,defpass123,EKM500011@email.com,user,free,0,,EKM500011,male,33 /16-08-1988,5 ft 1 in - 154 cm,68 kg,Moderate Fair,Average,UnMarried,0,Normal,Malayalam,Arthunkal,A+ve,Self,Christian,Latin Catholic,uthradam,chovadosham,Diploma,M.Com,Retired,Assistant Professor on Contract,Kerala University Study and Research Centre Alpy,Alleppey,Kerala University Study and Research Centre Alpy,Alleppey,Not Mentioned,"Ernakulam,aluva,682234","Fortkochi, Kochi,682043",9995050003.0,8078565634.0,9995050003.0,ELIZABETH TENY THOMAS,brother,Thomas Antony,M.Com,Photographer,Photographer,Annie Thomas,M.Com,Retired State Government Employee.,Retired State Government Employee.,0,0,1,0,Nuclear family,Moderate,MiddleClass,"house,car",Eggetarian,Don't Drink,Don't Smoke,"English,malayalam",Reading,Traveling,23,31,161 cm,165 cm,Moderate Fair,Average,UnMarried,Normal,MiddleClass,Christian,Latin Catholic,uthradam,chovadosham,M.Com,Photographer,,Australia,kerala, Kozhikode,"simple family,goodlooking girl",Spiritual
MEERA JOSEPH,defpass123,EKM500012@email.com,user,free,0,,EKM500012,Female,30 /25-09-1991,5 ft 1 in - 154 cm,47 kg,Medium,Slim,Divorcee,0,Normal,Malayalam,Alappuzha,O+ve,Parents,Christian,Latin Catholic,thiruvonam,shudhajathakam,Trade School / TTC / ITI,B.Tech,Scheduled Bank,Presales Consultant ,Tech Mahindra - Bangalore,Bangalore,Tech Mahindra - Bangalore,Bangalore,Not Mentioned,"Ernakulam,aluva,682234","Fortkochi, Kochi,682043",9995050004.0,8078565635.0,9995050004.0,MEERA JOSEPH,sister,Varghese Joseph,B.Tech,Rtd. Bank Manager,,Jaya V Joseph,B.Tech,Lp School Headmistress,,1,1,0,0,Joint family,Liberal,MiddleClass,bike,Vegetarian,Don't Drink,Don't Smoke,"malayalam,hindi",Browsing,Traveling,24,32,150 cm,170 cm,Medium,Slim,Divorcee,Normal,MiddleClass,Christian,Latin Catholic,thiruvonam,shudhajathakam,B.Tech,Rtd. Bank Manager,,Austria,tamilnadu,Wayanad,orthodox familyand lovable ,"My daughter is an Engineering graduate. Currently working at Tech Mahindra (Bangalore) as a Lead-Presales/Bid Management professional, with over 8 years of work experience. She is a God fearing, family oriented, well mannered and fun loving person. She is proficient in Malayalam & English. Can also converse in Hindi & Tamil. Divorce was filed by my daughter on grounds of abnormal behavioral issues & harassment from the guy. Divorce granted by Bangalore Family Court. Awaiting annulment of marriage from Church very soon."
LIMNA DSILVA,defpass123,EKM500013@email.com,user,free,0,,EKM500013,male,31 /17-04-1990,5 ft 5 in - 165 cm,53 kg,Medium,Slim,UnMarried,0,Normal,Malayalam,Kochi,O+ve,Parents,Christian,Latin Catholic,chothi,chovadosham,Higher Secondary / Plus Two,MCA,Self Employed,"IT Analyst, TCS, Kochi","TCS (Tata Consultancy Services), Kochi",Ernakulam,"TCS (Tata Consultancy Services), Kochi",Ernakulam,Not Mentioned,"Ernakulam,aluva,682234","Fortkochi, Kochi,682043",9995050001.0,8078565636.0,9995050001.0,LIMNA DSILVA,parent,Dencil Dsilva,MCA,Running Own Automobile Engineering Workshop At Kochi City.,,Shery Dsilva,MCA,House Wife,,1,1,0,0,Nuclear family,Moderate,Upper Middle Class,"house,car",Non Vegetarian,Don't Drink,Don't Smoke,"English,malayalam",Reading,Traveling,23,31,160 cm,165 cm,Medium,Slim,UnMarried,Normal,Upper Middle Class,Christian,Latin Catholic,chothi,chovadosham,MCA,Running Own Automobile Engineering Workshop At Kochi City.,9 lakhs-10 lakhs Indian Rupee,Azerbaijan,kerala,Kannur,"simple family,goodlooking girl","Our daughter is working as IT Analyst at TCS, Kochi. She has completed her MCA from SCMS, Cochin. She is very caring, honest, hardworking and ambitious person. We strongly believe in God and give importance to family and moral values."
DR.ANNIE BASENT,defpass123,EKM500014@email.com,user,free,0,,EKM500014,Female,33 /01-05-1988,5 ft - 152 cm,55 kg,Medium,Average,UnMarried,0,Normal,Malayalam,Alappuzha,A+ve,Relatives,Christian,Latin Catholic,makam,shudhajathakam,High School,MBBS,Student,Doctor,Idukki,Idukki,Idukki,Idukki,Not Mentioned,"Ernakulam,aluva,682234","Fortkochi, Kochi,682043",9995050002.0,8078565637.0,9995050002.0,DR.ANNIE BASENT,uncle,Wilson Ks,MBBS,Rtd Clerk,,Rose Janet Kr,MBBS,Rtd Homeo Pharmacist,,1,1,0,0,Joint family,Moderate,MiddleClass,bike,Eggetarian,Don't Drink,Don't Smoke,"malayalam,hindi",Browsing,Traveling,24,32,155 cm,170 cm,Medium,Average,UnMarried,Normal,MiddleClass,Christian,Latin Catholic,makam,shudhajathakam,MBBS,Rtd Clerk,,Bahamas,tamilnadu,Kasaragod,orthodox familyand lovable ,"doctor ,simple &open .."
SAREENA PEREIRA,defpass123,EKM500015@email.com,user,free,0,,EKM500015,male,37 /09-11-1984,5 ft - 152 cm,60 kg,Medium,Average,Divorcee,0,Normal,Malayalam,Elamakkara,O+ve,Self,Christian,Latin Catholic,moolam,chovadosham,Doctorate,B.Sc Nursing,Other,Staff Nurse,Not Mentioned,Australia,Not Mentioned,Australia,Not Mentioned,"Ernakulam,aluva,682234","Fortkochi, Kochi,682043",9995050003.0,8078565631.0,9995050003.0,SAREENA PEREIRA,brother,Walter Pereira,B.Sc Nursing,Rtd. Business Men,,Thelma Pereira,B.Sc Nursing,Rtd. Govt. Employee,,0,0,2,2,Nuclear family,Liberal,MiddleClass,"house,car",Vegetarian,Don't Drink,Don't Smoke,"English,malayalam",Reading,Traveling,23,31,160 cm,165 cm,Medium,Average,Divorcee,Normal,MiddleClass,Christian,Latin Catholic,moolam,chovadosham,B.Sc Nursing,Rtd. Business Men,,Bahrain,kerala,ERNAKULAM,"simple family,goodlooking girl",-
DR. JANE MATHEW,defpass123,EKM500016@email.com,user,free,0,,EKM500016,Female,34 /11-09-1987,5 ft 3 in - 160 cm,Not Mentioned,Medium,Average,UnMarried,0,Normal,Malayalam,Thrissur,A+ve,Parents,Christian,Latin Catholic,uthradam,shudhajathakam,Masters,MBBS,Abroad,Doctor,Not Mentioned,Not Mentioned,Not Mentioned,Not Mentioned,Not Mentioned,"Ernakulam,aluva,682234","Fortkochi, Kochi,682043",9995050004.0,8078565632.0,9995050004.0,DR. JANE MATHEW,sister,E P Mathew,MBBS,"Retired Chief Manager, Sbi",,V A Mariama (Late),MBBS,Bank Official (Late),,1,1,0,0,Joint family,Moderate,MiddleClass,bike,Non Vegetarian,Don't Drink,Don't Smoke,"malayalam,hindi",Browsing,Traveling,24,32,160 cm,170 cm,Medium,Average,UnMarried,Normal,MiddleClass,Christian,Latin Catholic,uthradam,shudhajathakam,MBBS,"Retired Chief Manager, Sbi",9 lakhs-10 lakhs Indian Rupee,Bangladesh,tamilnadu,Thiruvananthapuram,orthodox familyand lovable ,"Working in a private Medical College in Thrissur. Born in Baroda (Gujarat). Schooling in St Teresa's Ernakulam and Holy Family, Thrissur. MBBS at Christian Medical College, Ludhiana and MD from St John's Medical College, Bengaluru. Prefers vegetarian/egg diet. Likes reading, watching movies, listening to music, travelling."
DAISY AUGUSTINE ,defpass123,EKM500017@email.com,user,free,0,,EKM500017,male,30 /13-04-1991,5 ft 1 in - 154 cm,Not Mentioned,Moderate Fair,Slim,UnMarried,0,Normal,Malayalam,Ernakulam,NM,Relatives,Christian,Latin Catholic,thiruvonam,chovadosham,Bachelors,B.Tech,Defence,Software Engineer,Infopark,Ernakulam,Infopark,Ernakulam,Not Mentioned,"Ernakulam,aluva,682234","Fortkochi, Kochi,682043",9995050001.0,8078565633.0,9995050001.0,DAISY AUGUSTINE ,parent,Augustine P R,B.Tech,Naval Base Retired Officer Central Govt. Job,,Jolly,B.Tech,Retired High School Teacher,,1,1,0,0,Nuclear family,Moderate,MiddleClass,"house,car",Eggetarian,Don't Drink,Don't Smoke,"English,malayalam",Reading,Traveling,23,31,165 cm,165 cm,Moderate Fair,Slim,UnMarried,Normal,MiddleClass,Christian,Latin Catholic,thiruvonam,chovadosham,B.Tech,Naval Base Retired Officer Central Govt. Job,2 lakhs- 3 lakhs Indian Rupee,Barbados,kerala,Kollam,"simple family,goodlooking girl","she is good looking, God fearing,loving, caring,and generous and talented"
MARIA THOMAS,defpass123,EKM500018@email.com,user,free,0,,EKM500018,Female,30 /28-04-1991,5 ft 1 in - 154 cm,45 kg,Fair,Slim,UnMarried,0,Normal,Malayalam,Trivandrum,B+ve,Parents,Christian,Latin Catholic,chothi,shudhajathakam,Diploma,Ph. D. in Systems and Control Engineering,Government,Assistant Professor ,"Department of Electrical Engineering, IIT BHU",Uttar Pradesh,"Department of Electrical Engineering, IIT BHU",Uttar Pradesh,Not Mentioned,"Ernakulam,aluva,682234","Fortkochi, Kochi,682043",9995050002.0,8078565634.0,9995050002.0,MARIA THOMAS,uncle,Thomas Moraes,Ph. D. in Systems and Control Engineering,Retired Chief Commercial Supervisor(Southern Railways),Retired Chief Commercial Supervisor(Southern Railways),Sherly Thomas,Ph. D. in Systems and Control Engineering,"Retired Accountant (Ssa, Trivandrum)",,1,1,1,1,Joint family,Liberal,MiddleClass,bike,Vegetarian,Don't Drink,Don't Smoke,"malayalam,hindi",Browsing,Traveling,24,32,155 cm,170 cm,Fair,Slim,UnMarried,Normal,MiddleClass,Christian,Latin Catholic,chothi,shudhajathakam,Ph. D. in Systems and Control Engineering,Retired Chief Commercial Supervisor(Southern Railways),,Belarus,tamilnadu,Pathanamthitta,orthodox familyand lovable ,"Maria is a pious person. She is simple and gives importance to family values. She loves to spend quality time with family and friends and is dedicated to her cause. Completed her schooling from Holy Angels' Convent ISC school Trivandrum, B.Tech in EEE from TKM College of Engineering and M.Tech in GNC from College of Engineering Trivandrum. She obtained her Ph.D. in Systems and Control Engineering, IIT Bombay. Recently got appointment as Assistant Professor with IIT BHU. Got placed at Halcon Systems, UAE also and joining formalities are underway. Willing to relocate. Please feel free to contact for any further info.Thanks."
DR.JOSNY SELVARANCE,defpass123,EKM500019@email.com,user,free,0,,EKM500019,male,30 /19-03-1992,5 ft 3 in - 160 cm,70 kg,Fair,Average,UnMarried,0,Normal,Malayalam,Trivandrum,B+ve,Parents,Christian,Latin Catholic,makam,chovadosham,Trade School / TTC / ITI,MBBS,Homemaker,"Doctor , MOH Doctor",Not Mentioned,UAE,Not Mentioned,UAE,Not Mentioned,"Ernakulam,aluva,682234","Fortkochi, Kochi,682043",9995050003.0,8078565635.0,9995050003.0,DR.JOSNY SELVARANCE,brother,Selvarance Johnson,MBBS,Lecturer/Manager School Operations,Lecturer/Manager School Operations,Lucy Selvarance,MBBS,Lecturer,Lecturer,0,0,0,0,Nuclear family,Moderate,Upper Middle Class,"house,car",Non Vegetarian,Don't Drink,Don't Smoke,"English,malayalam",Reading,Traveling,23,31,165 cm,165 cm,Fair,Average,UnMarried,Normal,Upper Middle Class,Christian,Latin Catholic,makam,chovadosham,MBBS,Lecturer/Manager School Operations,9 lakhs-10 lakhs Indian Rupee,Belgium,kerala,Alappuzha,"simple family,goodlooking girl","We have been in Dubai for the last 29 years. I am brought up in Dubai and completed my School Education from a reputed school in Dubai. I have done MBBS from Vydehi Medical College, Bangalore and worked in a Super Specialty Hospital for 3 years. Now I am working in a reputed Hospital in Sharjah."
VENEETHA FERNANDO,defpass123,EKM500020@email.com,user,free,0,,EKM500020,Female,30 /10-07-1991,5 ft 2 in - 157 cm,Not Mentioned,Moderate Fair,Slim,UnMarried,0,Normal,Malayalam,Cochin,A+ve,Parents,Christian,Latin Catholic,moolam,shudhajathakam,Higher Secondary / Plus Two,B.Tech,Not Working,Jr.Network Engineer,USA,USA,USA,USA,Not Mentioned,"Ernakulam,aluva,682234","Fortkochi, Kochi,682043",9995050004.0,8078565636.0,9995050004.0,VENEETHA FERNANDO,sister,Fernando Joseph,B.Tech,Business,Business,Maria Jackline (Kumary),B.Tech,House Wife,House Wife,1,1,0,0,Joint family,Moderate,Upper Middle Class,bike,Eggetarian,Don't Drink,Don't Smoke,"malayalam,hindi",Browsing,Traveling,24,32,168 cm,170 cm,Moderate Fair,Slim,UnMarried,Normal,Upper Middle Class,Christian,Latin Catholic,moolam,shudhajathakam,B.Tech,Business,,Belize,tamilnadu,Kottayam,orthodox familyand lovable ,"Born and brought up in Kerala, Schooling was completed with Assisi Vidyaniketan Public School Kakkanad, Kochi, Engineering done with Karunya Instute of Techonology and Science, Coimbatore, first year of employment was with Infosys in Mysore. Since last 6 years, working as IT professional in Florida USA. At Present working with an establishment under the State Government of Florida as Jr. Net work Engineer."
MRIDULA SELVIN K.,defpass123,EKM500021@email.com,user,free,0,,EKM500021,male,34 /29-07-1987,5 ft - 152 cm,Not Mentioned,Very Fair,Slim,UnMarried,0,Normal,Malayalam,Kottappuram,A+ve,Parents,Christian,Latin Catholic,uthradam,chovadosham,High School,MBA (Finance),Nurse,Doing PSC Coaching,Not Mentioned,Not Mentioned,Not Mentioned,Not Mentioned,Not Mentioned,"Ernakulam,aluva,682234","Fortkochi, Kochi,682043",9995050001.0,8078565637.0,9995050001.0,MRIDULA SELVIN K.,parent,Johnef Selvin K.P,MBA (Finance),"Chief Section Supervisor, Bsnl(Retd.)","Chief Section Supervisor, Bsnl(Retd.)",Leela Selvin,MBA (Finance),Bank Officer (Retd.),Bank Officer (Retd.),0,0,0,0,Nuclear family,Liberal,Upper Middle Class,"house,car",Vegetarian,Don't Drink,Don't Smoke,"English,malayalam",Reading,Traveling,23,31,162 cm,165 cm,Very Fair,Slim,UnMarried,Normal,Upper Middle Class,Christian,Latin Catholic,uthradam,chovadosham,MBA (Finance),"Chief Section Supervisor, Bsnl(Retd.)",,Benin,kerala,Idukki,"simple family,goodlooking girl","MBA Finance from Mar Athanasious College, Kothamangalam."
DR.NAVYA BOSE,defpass123,EKM500022@email.com,user,free,0,,EKM500022,Female,30 /03-02-1992,5 ft 1 in - 154 cm,56 kg,Fair,Average,UnMarried,0,Normal,Malayalam,Alappuzha,O+ve,Parents,Christian,Latin Catholic,thiruvonam,shudhajathakam,Doctorate,MBBS,Own Business,Doctor,Alappuzha,Alleppey,Alappuzha,Alleppey,Not Mentioned,"Ernakulam,aluva,682234","Fortkochi, Kochi,682043",9995050002.0,8078565631.0,9995050002.0,DR.NAVYA BOSE,uncle,Bose A.T,MBBS,Retired Lecturer,Retired Lecturer,Elizabeth A.J,MBBS,Assistant Development Commissioner,Assistant Development Commissioner,1,1,0,0,Joint family,Moderate,Upper Middle Class,bike,Non Vegetarian,Don't Drink,Don't Smoke,"malayalam,hindi",Browsing,Traveling,24,32,163 cm,170 cm,Fair,Average,UnMarried,Normal,Upper Middle Class,Christian,Latin Catholic,thiruvonam,shudhajathakam,MBBS,Retired Lecturer,,Bermuda,tamilnadu,Thrissur,orthodox familyand lovable ,"Fair , industrious, God fearing, obedient, keen in higher studies"
NATASHA RAPHAEL,defpass123,EKM500023@email.com,user,free,0,,EKM500023,male,32 /09-08-1989,5 ft - 152 cm,Not Mentioned,Moderate Fair,Average,UnMarried,0,Normal,Malayalam,Mumbai,NM,Parents,Christian,Latin Catholic,chothi,chovadosham,Masters,"M Com, Actuarial Science",Partner In Business,Assistant Vice President,"Credit Suisse, Mumbai",Mumbai,"Credit Suisse, Mumbai",Mumbai,Not Mentioned,"Ernakulam,aluva,682234","Fortkochi, Kochi,682043",9995050003.0,8078565632.0,9995050003.0,NATASHA RAPHAEL,brother,Raphael Mathew,"M Com, Actuarial Science",Business,Business,Shirley Raphael,"M Com, Actuarial Science",Govt.Employee,Govt.Employee,0,0,1,0,Nuclear family,Moderate,Upper Middle Class,"house,car",Eggetarian,Don't Drink,Don't Smoke,"English,malayalam",Reading,Traveling,23,31,164 cm,165 cm,Moderate Fair,Average,UnMarried,Normal,Upper Middle Class,Christian,Latin Catholic,chothi,chovadosham,"M Com, Actuarial Science",Business,5 lakhs-6 lakhs Indian Rupee,Bhutan,kerala, Palakkad,"simple family,goodlooking girl","Natasha is born and brought up in Mumbai. She completed her Master’s from Mumbai University and is a member of the Institute of Actuaries India. She is currently working as AVP with Credit Suisse, Mumbai. Our family is based in Mumbai, I run my own business and my wife is employed with the Central Govt. We also have a younger daughter currently working as Junior Research Fellow in Mumbai."
DR.SHERINE MARIAN,defpass123,EKM500024@email.com,user,free,0,,EKM500024,Female,32 /04-10-1989,5 ft 2 in - 157 cm,55 kg,Moderate Fair,Slim,UnMarried,0,Normal,Malayalam,Ernakulum,B+ve,Parents,Christian,Latin Catholic,makam,shudhajathakam,Bachelors,MD ,Private Company,Radiologist,Doha,Qatar,Doha,Qatar,Not Mentioned,"Ernakulam,aluva,682234","Fortkochi, Kochi,682043",9995050004.0,8078565633.0,9995050004.0,DR.SHERINE MARIAN,sister,Antony Marian,MD ,Business,Business,Annamma Marian,MD ,Housewife,Housewife,1,1,1,0,Joint family,Liberal,Upper Middle Class,bike,Vegetarian,Don't Drink,Don't Smoke,"malayalam,hindi",Browsing,Traveling,24,32,155 cm,170 cm,Moderate Fair,Slim,UnMarried,Normal,Upper Middle Class,Christian,Latin Catholic,makam,shudhajathakam,MD ,Business,,Bolivia,tamilnadu,Malappuram,orthodox familyand lovable ,"my daughter did her school in MES Indian School, Doha- Qatar. Then she did her M.B.B.S and MD Radiology in A.J Institute of medical sciences, Mangalore, Karnataka.Now living with us in Qatar."
STELLA MARY,defpass123,EKM500025@email.com,user,free,0,,EKM500025,male,35 /03-11-1986,5 ft 3 in - 160 cm,53 kg,Fair,Slim,UnMarried,0,Normal,Malayalam,Ernakulam,O+ve,Parents,Christian,Latin Catholic,moolam,chovadosham,Diploma,BA ,Private Bank,Assistant Manager,Bangalore,Karnataka,Bangalore,Karnataka,Not Mentioned,"Ernakulam,aluva,682234","Fortkochi, Kochi,682043",9995050001.0,8078565634.0,9995050001.0,STELLA MARY,parent,P.B.Rajappan,BA ,"Retired Deputy Secretary, Ministry Of Home Affairs","Retired Deputy Secretary, Ministry Of Home Affairs",Claramma Rajappan,BA ,House Wife; Initially Worked As Teacher.,House Wife; Initially Worked As Teacher.,0,0,1,1,Nuclear family,Moderate,MiddleClass,"house,car",Non Vegetarian,Don't Drink,Don't Smoke,"English,malayalam",Reading,Traveling,23,31,158 cm,165 cm,Fair,Slim,UnMarried,Normal,MiddleClass,Christian,Latin Catholic,moolam,chovadosham,BA ,"Retired Deputy Secretary, Ministry Of Home Affairs",,Botswana,kerala, Kozhikode,"simple family,goodlooking girl","Studied in Convent of Jesus & Mary, New Delhi, International School of Geneva, Switzerland, Holy Child Auxilium School, New Delhi, and Jesus & Mary College, New Delhi. She did her MBA from UK. Passed IELTS in January 2021 with 7.5% score. Now she is working as Assistant Manager in HSBC Bank, Bangalore from 19 November 2020. Father is retired Deputy Secretary, Ministry of Home Affairs, New Delhi. Mother is M.A. B.Ed., worked as Teacher for a short while, and is a housewife."
NIKITA JACOB ,defpass123,EKM500026@email.com,user,free,0,,EKM500026,Female,33 /15-09-1988,5 ft 4 in - 162 cm,56 kg,Fair,Slim,UnMarried,0,Normal,Malayalam,New Delhi,B+ve,Parents,Christian,Latin Catholic,uthradam,shudhajathakam,Trade School / TTC / ITI,B.Sc,Retired,Research Fellow,University of York,UK,University of York,UK,Not Mentioned,"Ernakulam,aluva,682234","Fortkochi, Kochi,682043",9995050002.0,8078565635.0,9995050002.0,NIKITA JACOB ,uncle,Gabriel Jacob,B.Sc,Retd. Engineer (Railway),Retd. Engineer (Railway),Philomina Jacob,B.Sc,Nurse,Nurse,1,1,0,0,Joint family,Moderate,MiddleClass,bike,Eggetarian,Don't Drink,Don't Smoke,"malayalam,hindi",Browsing,Traveling,24,32,163 cm,170 cm,Fair,Slim,UnMarried,Normal,MiddleClass,Christian,Latin Catholic,uthradam,shudhajathakam,B.Sc,Retd. Engineer (Railway),,Brazil,tamilnadu,Wayanad,orthodox familyand lovable ,"Born and brought up in Delhi, studied in Convent of Jesus and Mary school, Delhi. Completed Bachelors and Masters in Economics at the University of Essex, UK. Returned to India and worked at Reserve Bank of India, Mumbai and then worked in Delhi. After that she pursued and completed PhD in Economics and currently working as a lecturer/ researcher at the University of York. She likes travelling, reading and singing and is also a part of the Church choir and a very active member of the Church."
DR.RINI FRANCIS,defpass123,EKM500027@email.com,user,free,0,,EKM500027,male,30 /29-02-1992,5 ft 2 in - 157 cm,Not Mentioned,Medium,Average,UnMarried,0,Normal,Malayalam,Trivandrum,NM,Parents,Christian,Latin Catholic,thiruvonam,chovadosham,Higher Secondary / Plus Two,MBBS,Scheduled Bank,Doctor - Doing PG CT3,NHS,UK,NHS,UK,Not Mentioned,"Ernakulam,aluva,682234","Fortkochi, Kochi,682043",9995050003.0,8078565636.0,9995050003.0,DR.RINI FRANCIS,brother,Francis,MBBS,Accountant (Dubai),Accountant (Dubai),Neena Francis,MBBS,House Wife,House Wife,0,0,0,0,Nuclear family,Liberal,Upper Middle Class,"house,car",Vegetarian,Don't Drink,Don't Smoke,"English,malayalam",Reading,Traveling,23,31,160 cm,165 cm,Medium,Average,UnMarried,Normal,Upper Middle Class,Christian,Latin Catholic,thiruvonam,chovadosham,MBBS,Accountant (Dubai),,Bulgary,kerala,Kannur,"simple family,goodlooking girl",-
DR SHALIN JAMES,defpass123,EKM500028@email.com,user,free,0,,EKM500028,Female,30 /08-07-1991,5 ft 3 in - 160 cm,54 kg,Fair,Average,UnMarried,0,Normal,Malayalam,Edappally,O+ve,Parents,Christian,Latin Catholic,chothi,shudhajathakam,High School,"DNB, (Obstetrics and Gynaecology)",Self Employed,Doctor,Adoor,Pathanamthitta,Adoor,Pathanamthitta,Not Mentioned,"Ernakulam,aluva,682234","Fortkochi, Kochi,682043",9995050004.0,8078565637.0,9995050004.0,DR SHALIN JAMES,sister,Mr . James Mukkath,"DNB, (Obstetrics and Gynaecology)","Retired, Accountant","Retired, Accountant",Mrs Gracy James,"DNB, (Obstetrics and Gynaecology)","Retired, Nurse(Nri)","Retired, Nurse(Nri)",0,0,1,0,Joint family,Moderate,Upper Middle Class,bike,Non Vegetarian,Don't Drink,Don't Smoke,"malayalam,hindi",Browsing,Traveling,24,32,164 cm,170 cm,Fair,Average,UnMarried,Normal,Upper Middle Class,Christian,Latin Catholic,chothi,shudhajathakam,"DNB, (Obstetrics and Gynaecology)","Retired, Accountant",,Burundi,tamilnadu,Kasaragod,orthodox familyand lovable ,"My daughter Shalin, is a God fearing, independent , caring and supportive person, who is a post graduate in obstetrics and gynaecology .Her schooling was done at St. Joseph higher secondary, kalmasserry, MBBS from Government medical college (ACME, Pariyaram).DNB OBG from lifeline hospital,Adoor.Her hobbies loves to see movies, dancing, etc..."
VINEETHA XAVIER,defpass123,EKM500029@email.com,user,free,0,,EKM500029,male,31 /02-11-1990,5 ft 4 in - 162 cm,Not Mentioned,Moderate Fair,Average,Awaiting Divorce,1,Normal,Malayalam,Palluruthy,O+ve,Parents,Christian,Latin Catholic,makam,chovadosham,Doctorate,Diploma,Student,Solution Architect,Not Mentioned,Cochin,Not Mentioned,Cochin,Not Mentioned,"Ernakulam,aluva,682234","Fortkochi, Kochi,682043",9995050001.0,8078565631.0,9995050001.0,VINEETHA XAVIER,parent,Xavier Joseph,Diploma,Driver,Driver,Valsa Xavier,Diploma,Home Maker,Home Maker,1,0,0,0,Nuclear family,Moderate,MiddleClass,"house,car",Eggetarian,Don't Drink,Don't Smoke,"English,malayalam",Reading,Traveling,23,31,156 cm,165 cm,Moderate Fair,Average,Awaiting Divorce,Normal,MiddleClass,Christian,Latin Catholic,makam,chovadosham,Diploma,Driver,,Cambodia,kerala,ERNAKULAM,"simple family,goodlooking girl",-
AMRITHA ANTONY,defpass123,EKM500030@email.com,user,free,0,,EKM500030,Female,30 /14-11-1991,5 ft 1 in - 154 cm,Not Mentioned,Moderate Fair,Slim,UnMarried,0,Normal,Malayalam,Varapuzha,O+ve,Parents,Christian,Latin Catholic,moolam,shudhajathakam,Masters,M.Com,Other,Assistant Professor,"Rajagiri College, Kakkanad",Ernakulam,"Rajagiri College, Kakkanad",Ernakulam,Not Mentioned,"Ernakulam,aluva,682234","Fortkochi, Kochi,682043",9995050002.0,8078565632.0,9995050002.0,AMRITHA ANTONY,uncle,T.J Antony,M.Com,Bsnl Employee (Retired),Bsnl Employee (Retired),Mary Antony(Late),M.Com,"Ud Clerk (St. Xavier'S College, Aluva)Retired","Ud Clerk (St. Xavier'S College, Aluva)Retired",1,1,0,0,Joint family,Liberal,MiddleClass,bike,Vegetarian,Don't Drink,Don't Smoke,"malayalam,hindi",Browsing,Traveling,24,32,160 cm,170 cm,Moderate Fair,Slim,UnMarried,Normal,MiddleClass,Christian,Latin Catholic,moolam,shudhajathakam,M.Com,Bsnl Employee (Retired),2 lakhs- 3 lakhs Indian Rupee,Cameroon,tamilnadu,Thiruvananthapuram,orthodox familyand lovable ,"My daughter Amritha simple, down to earth and God fearing girl.She belives in positive thinking and preceives optimisum in all life ways.She completed her masters in Commerce from St.pauls college Kalammassery. Started her Career as Asst Professor at Bharata Mata college, currently she designs the post of Asst Professor at Rajagiri College of Management and Applied Sciences Kakkanad. She currently pursuing PhD in MG university. Amritha shows interest in Dress desigining, cooking during her leisure.She loves listening music, watching movies and travelling. We invite proposals from the parents of like minded loving and caring boys."
DEEPTHI C K,defpass123,EKM500031@email.com,user,free,0,,EKM500031,male,36 /26-09-1985,5 ft 3 in - 160 cm,60 kg,Very Fair,Average,Divorcee,0,Normal,Malayalam,Koonammavu,O+ve,Siblings,Christian,Latin Catholic,uthradam,chovadosham,Bachelors,B.Tech,Abroad,Software Engineer,Ernakulam,Cochin,Ernakulam,Cochin,Not Mentioned,"Ernakulam,aluva,682234","Fortkochi, Kochi,682043",9995050003.0,8078565633.0,9995050003.0,DEEPTHI C K,brother,Kunjachan,B.Tech,Late,Late,Angel Kunjachan,B.Tech,House Wife,House Wife,1,0,0,0,Nuclear family,Moderate,Upper Middle Class,"house,car",Non Vegetarian,Don't Drink,Don't Smoke,"English,malayalam",Reading,Traveling,23,31,157 cm,165 cm,Very Fair,Average,Divorcee,Normal,Upper Middle Class,Christian,Latin Catholic,uthradam,chovadosham,B.Tech,Late,,Canada,kerala,Kollam,"simple family,goodlooking girl",She is an IT Professional working in Ernakulam. Looking forward to find a life long partner and companionship who values Family life.
DR. SHEETAL JAMES,defpass123,EKM500032@email.com,user,free,0,,EKM500032,Female,30 /08-07-1991,5 ft 3 in - 160 cm,62 kg,Very Fair,Average,UnMarried,0,Normal,Malayalam,Edappally,B+ve,Parents,Christian,Latin Catholic,thiruvonam,shudhajathakam,Diploma,Master of Dental Surgery,Defence,MDS Final year Post Graduate student,Oxford Dental College,Bangalore,Oxford Dental College,Bangalore,Not Mentioned,"Ernakulam,aluva,682234","Fortkochi, Kochi,682043",9995050004.0,8078565634.0,9995050004.0,DR. SHEETAL JAMES,sister,Mr.James Mukkath,Master of Dental Surgery,Retired Accountant,Retired Accountant,Mrs.Gracy James,Master of Dental Surgery,Retired Nurse(Nri),Retired Nurse(Nri),0,0,1,0,Joint family,Moderate,Upper Middle Class,bike,Eggetarian,Don't Drink,Don't Smoke,"malayalam,hindi",Browsing,Traveling,24,32,165 cm,170 cm,Very Fair,Average,UnMarried,Normal,Upper Middle Class,Christian,Latin Catholic,thiruvonam,shudhajathakam,Master of Dental Surgery,Retired Accountant,,Cape Verde,tamilnadu,Pathanamthitta,orthodox familyand lovable ,"My daughter is a god fearing, well educated, currently doing postgraduation in Master of dental surgery."
TINA I M,defpass123,EKM500033@email.com,user,free,0,,EKM500033,male,30 /23-11-1991,5 ft 1 in - 154 cm,57 kg,Medium,Average,UnMarried,0,Normal,Malayalam,Mandya,B+ve,Parents,Christian,Latin Catholic,chothi,chovadosham,Trade School / TTC / ITI,BE,Government,Systems Engineer,Philips Healthcare India Ltd,Bangalore,Philips Healthcare India Ltd,Bangalore,Not Mentioned,"Ernakulam,aluva,682234","Fortkochi, Kochi,682043",9995050001.0,8078565635.0,9995050001.0,TINA I M,parent,Patric Samuel,BE,Ex Defence Officer,Ex Defence Officer,Lissy Patric,BE,House Wife,House Wife,0,0,1,0,Nuclear family,Liberal,MiddleClass,"house,car",Vegetarian,Don't Drink,Don't Smoke,"English,malayalam",Reading,Traveling,23,31,160 cm,165 cm,Medium,Average,UnMarried,Normal,MiddleClass,Christian,Latin Catholic,chothi,chovadosham,BE,Ex Defence Officer,5 lakhs-6 lakhs Indian Rupee,Chad,kerala,Alappuzha,"simple family,goodlooking girl",Very obedient and faithful
SOOSAN JOHNY,defpass123,EKM500034@email.com,user,free,0,,EKM500034,Female,39 /18-09-1982,5 ft 1 in - 154 cm,60 kg,Fair,Slim,Divorcee,0,Normal,Malayalam,Puthenthope,NM,Siblings,Christian,Latin Catholic,makam,shudhajathakam,Higher Secondary / Plus Two,M.Sc,Homemaker,Not Working,Not Mentioned,Not Mentioned,Not Mentioned,Not Mentioned,Not Mentioned,"Ernakulam,aluva,682234","Fortkochi, Kochi,682043",9995050002.0,8078565636.0,9995050002.0,SOOSAN JOHNY,uncle,Johny Pereira,M.Sc,Gulf Retired,Gulf Retired,Treasa Johnie,M.Sc,House Wife,House Wife,0,0,0,0,Joint family,Moderate,MiddleClass,bike,Non Vegetarian,Don't Drink,Don't Smoke,"malayalam,hindi",Browsing,Traveling,24,32,155 cm,170 cm,Fair,Slim,Divorcee,Normal,MiddleClass,Christian,Latin Catholic,makam,shudhajathakam,M.Sc,Gulf Retired,,Chile,tamilnadu,Kottayam,orthodox familyand lovable ,"Susan Johnie is MSc Graduate ,native of Trivandrum."
ASHIMA J CATHERINE ,defpass123,EKM500035@email.com,user,free,0,,EKM500035,male,30 /25-11-1991,5 ft 2 in - 157 cm,58 kg,Fair,Average,UnMarried,0,Normal,Malayalam,Kundara,O+ve,Parents,Christian,Latin Catholic,moolam,chovadosham,High School,M.Tech,Not Working,Doing Ph.D,.,Not Mentioned,.,Not Mentioned,Not Mentioned,"Ernakulam,aluva,682234","Fortkochi, Kochi,682043",9995050003.0,8078565637.0,9995050003.0,ASHIMA J CATHERINE ,brother,Kundara Johnny,M.Tech,Film Actor,Film Actor,Dr.Stella Johnny,M.Tech,"Asso.Prof.Dr(College),Fmnc-Kollam","Asso.Prof.Dr(College),Fmnc-Kollam",1,1,0,0,Nuclear family,Moderate,Upper Middle Class,"house,car",Eggetarian,Don't Drink,Don't Smoke,"English,malayalam",Reading,Traveling,23,31,165 cm,165 cm,Fair,Average,UnMarried,Normal,Upper Middle Class,Christian,Latin Catholic,moolam,chovadosham,M.Tech,Film Actor,,China,kerala,Idukki,"simple family,goodlooking girl",.
PRIYANKA YOHANNAN,defpass123,EKM500036@email.com,user,free,0,,EKM500036,Female,30 /16-11-1991,5 ft 2 in - 157 cm,50 kg,Moderate Fair,Slim,UnMarried,0,Normal,Malayalam,Bangalore,B+ve,Parents,Christian,Latin Catholic,uthradam,shudhajathakam,Doctorate,MBA,Nurse,Shoot Stylist,Bangalore,Bangalore,Bangalore,Bangalore,Not Mentioned,"Ernakulam,aluva,682234","Fortkochi, Kochi,682043",9995050004.0,8078565631.0,9995050004.0,PRIYANKA YOHANNAN,sister,Yohannan,MBA,Lic Agent And Retd. Mnc Professional,,Leela,MBA,Small Scale Business - Offset Printing,Small Scale Business - Offset Printing,0,0,1,1,Joint family,Liberal,MiddleClass,bike,Vegetarian,Don't Drink,Don't Smoke,"malayalam,hindi",Browsing,Traveling,24,32,155 cm,170 cm,Moderate Fair,Slim,UnMarried,Normal,MiddleClass,Christian,Latin Catholic,uthradam,shudhajathakam,MBA,Lic Agent And Retd. Mnc Professional,,Colombia,tamilnadu,Thrissur,orthodox familyand lovable ,"My daughter Priyanka, is born and bought up in Bangalore academically and professionally. After pursuing MBA in Marketing she worked with an MNC for 2+ years and is now working as a Fashion Stylist (being her passion) for over a year with a noted Studio Production in Bangalore. Priyanka is talented, creative at work and adventurous in life."
TINA THOMAS,defpass123,EKM500037@email.com,user,free,0,,EKM500037,male,33 /24-05-1988,5 ft 2 in - 157 cm,60 kg,Medium,Slim,UnMarried,0,Normal,Malayalam,Trivandrum,O+ve,Parents,Christian,Latin Catholic,thiruvonam,chovadosham,Masters,B.Tech,Own Business,Engineer,"Borsch, Reutlingen",Germany,"Borsch, Reutlingen",Germany,Not Mentioned,"Ernakulam,aluva,682234","Fortkochi, Kochi,682043",9995050001.0,8078565632.0,9995050001.0,TINA THOMAS,parent,Late Mr. Thomas A. Cruz,B.Tech,Business,,Bridget Thomas,B.Tech,Retired Government Employee,Retired Government Employee,1,1,0,0,Nuclear family,Moderate,MiddleClass,"house,car",Non Vegetarian,Don't Drink,Don't Smoke,"English,malayalam",Reading,Traveling,23,31,160 cm,165 cm,Medium,Slim,UnMarried,Normal,MiddleClass,Christian,Latin Catholic,thiruvonam,chovadosham,B.Tech,Business,,Comoros,kerala, Palakkad,"simple family,goodlooking girl","Our daughter Tina, after her B.Tech, was working in Technopark. She did her Masters in Sensor System Technology in Germany and was working in TDK Company in Berlin. Now she is working in Borsch, Reutlingen."
 JOSHMA D,defpass123,EKM500038@email.com,user,free,0,,EKM500038,Female,30 /23-08-1991,5 ft - 152 cm,40 kg,Moderate Fair,Average,UnMarried,0,Normal,Malayalam,Malappuram,O+ve,Parents,Christian,Latin Catholic,chothi,shudhajathakam,Bachelors,M.Com,Partner In Business,Teacher,Kottakkal Co-Operative College,Malappuram,Kottakkal Co-Operative College,Malappuram,Not Mentioned,"Ernakulam,aluva,682234","Fortkochi, Kochi,682043",9995050002.0,8078565633.0,9995050002.0, JOSHMA D,uncle,David Joseph,M.Com,Coolie,,Jancy David,M.Com,Not Mentioned,Not Mentioned,2,2,0,0,Joint family,Moderate,MiddleClass,bike,Eggetarian,Don't Drink,Don't Smoke,"malayalam,hindi",Browsing,Traveling,24,32,150 cm,170 cm,Moderate Fair,Average,UnMarried,Normal,MiddleClass,Christian,Latin Catholic,chothi,shudhajathakam,M.Com,Coolie,,Costa Rica,tamilnadu,Malappuram,orthodox familyand lovable ,-
ADLINE BRIGHT,defpass123,EKM500039@email.com,user,free,0,,EKM500039,male,33 /16-04-1988,5 ft 6 in - 167 cm,Not Mentioned,Fair,Slim,UnMarried,0,Normal,Malayalam,Alappuzha,NM,Siblings,Christian,Latin Catholic,makam,chovadosham,Diploma,B. Tech ,Private Company,Project Leader,Not Mentioned,Ernakulam,Not Mentioned,Ernakulam,Not Mentioned,"Ernakulam,aluva,682234","Fortkochi, Kochi,682043",9995050003.0,8078565634.0,9995050003.0,ADLINE BRIGHT,brother,Bright Peter,B. Tech ,Expired,,Ansamma,B. Tech ,House Wife,House Wife,0,0,1,1,Nuclear family,Liberal,MiddleClass,"house,car",Vegetarian,Don't Drink,Don't Smoke,"English,malayalam",Reading,Traveling,23,31,154 cm,165 cm,Fair,Slim,UnMarried,Normal,MiddleClass,Christian,Latin Catholic,makam,chovadosham,B. Tech ,Expired,10000-1 lakh Canada Dollar,Croatia,kerala, Kozhikode,"simple family,goodlooking girl",-
KARISHMA HANS,defpass123,EKM500040@email.com,user,free,0,,EKM500040,Female,32 /18-06-1989,5 ft - 152 cm,61 kg,Fair,Average,UnMarried,0,Normal,Malayalam,pullichira,B+ve,Parents,Christian,Latin Catholic,moolam,shudhajathakam,Trade School / TTC / ITI,B.Tech,Private Bank,Project Manager at an MNC in Bangalore,Bangalore,Bangalore,Bangalore,Bangalore,Not Mentioned,"Ernakulam,aluva,682234","Fortkochi, Kochi,682043",9995050004.0,8078565635.0,9995050004.0,KARISHMA HANS,sister,Hans Balthazar(Late),B.Tech,Businessman,,Pushpa Joseph,B.Tech,General Manager (Retd),General Manager (Retd),0,0,0,0,Joint family,Moderate,Upper Middle Class,bike,Non Vegetarian,Don't Drink,Don't Smoke,"malayalam,hindi",Browsing,Traveling,24,32,165 cm,170 cm,Fair,Average,UnMarried,Normal,Upper Middle Class,Christian,Latin Catholic,moolam,shudhajathakam,B.Tech,Businessman,,Cuba,tamilnadu,Wayanad,orthodox familyand lovable ,"Schooling in Good Shepherd Chennai and St.Anne's, ICSE Hyderabad.Both are premier schools. BTECH at Marian College ,Trivandrum and MBA -Dual Country Program at IMT Dubai /Ghaziabad.She was very active in a whole lot of extracurricular activities especially debates,and won awards.Post her engineering degree she was placed at Infosys,worked there for 2 years.Post MBA was campus placed at an American firm in Bangalore.Currently working there for the last eight years. Talented and academic oriented. Ambitious, hard working and well read.Has an inherent drive to succeed in her chosen career.Belongs to a closely knit family and upholds all family values.Brought up in Chennai,Hyderabad,Bangalore,Trivandrum ,Dubai hence has a broader perspective to life.Modest and magnanimous in her approach.Friendly and generous besides being a very responsible person.God fearing and caring by nature.Brought up as a Catholic girl with very strict upbringing by family."
MITHU FRANCIS,defpass123,EKM500041@email.com,user,free,0,,EKM500041,male,34 /02-12-1987,5 ft 5 in - 165 cm,49 kg,Fair,Slim,Annulled,0,Normal,Malayalam,Malipuram,A+ve,Parents,Christian,Latin Catholic,uthradam,chovadosham,Higher Secondary / Plus Two,M A,Retired,Guest Lecturer,College,Ernakulam,College,Ernakulam,Not Mentioned,"Ernakulam,aluva,682234","Fortkochi, Kochi,682043",9995050001.0,8078565636.0,9995050001.0,MITHU FRANCIS,parent,Prof. Francis P Joseph,M A,Retd. Professor,,Juliet Joseph,M A,House Maker,House Maker,0,0,0,0,Nuclear family,Moderate,Upper Middle Class,"house,car",Eggetarian,Don't Drink,Don't Smoke,"English,malayalam",Reading,Traveling,23,31,158 cm,165 cm,Fair,Slim,Annulled,Normal,Upper Middle Class,Christian,Latin Catholic,uthradam,chovadosham,M A,Retd. Professor,,Cyprus,kerala,Kannur,"simple family,goodlooking girl","I have passed M. A (English), B.Ed and SET examination. I have taught as Guest Lecturer at St. Albert's College, Ernakulam and Government Arts and Science College, Vypeen"
CELIA,defpass123,EKM500042@email.com,user,free,0,,EKM500042,Female,31 /12-02-1991,5 ft 5 in - 165 cm,50 kg,Fair,Slim,UnMarried,0,Normal,Malayalam,Trivandrum,A+ve,Parents,Christian,Latin Catholic,thiruvonam,shudhajathakam,High School,M.Tech,Scheduled Bank,Deputy Manager,State Bank of India,Bangalore,State Bank of India,Bangalore,Not Mentioned,"Ernakulam,aluva,682234","Fortkochi, Kochi,682043",9995050002.0,8078565637.0,9995050002.0,CELIA,uncle,Pradeep,M.Tech,Private,,Cynthia,M.Tech,Teacher,Teacher,0,0,1,0,Joint family,Liberal,MiddleClass,bike,Vegetarian,Don't Drink,Don't Smoke,"malayalam,hindi",Browsing,Traveling,24,32,155 cm,170 cm,Fair,Slim,UnMarried,Normal,MiddleClass,Christian,Latin Catholic,thiruvonam,shudhajathakam,M.Tech,Private,3 lakhs- 4 lakhs Indian Rupee,Denmark,tamilnadu,Kasaragod,orthodox familyand lovable ,............
DR. SIMMY JOHN,defpass123,EKM500043@email.com,user,free,0,,EKM500043,male,30 /28-07-1991,5 ft - 152 cm,57 kg,Fair,Average,UnMarried,0,Normal,Malayalam,"Born in Riyadh, Saudi Arabia.",A+ve,Siblings,Christian,Latin Catholic,chothi,chovadosham,Doctorate,MBBS,Self Employed,PG Resident in Pune,Pune,Pune,Pune,Pune,Not Mentioned,"Ernakulam,aluva,682234","Fortkochi, Kochi,682043",9995050003.0,8078565631.0,9995050003.0,DR. SIMMY JOHN,brother,John Dominic,MBBS,Abroad,,Mary John,MBBS,Housewife,Housewife,1,1,0,0,Nuclear family,Moderate,Upper Middle Class,"house,car",Non Vegetarian,Don't Drink,Don't Smoke,"English,malayalam",Reading,Traveling,23,31,165 cm,165 cm,Fair,Average,UnMarried,Normal,Upper Middle Class,Christian,Latin Catholic,chothi,chovadosham,MBBS,Abroad,,Djibouti,kerala,ERNAKULAM,"simple family,goodlooking girl","Simmy was born in Riyadh, Saudi Arabia. She did her schooling at International Indian School in Riyadh till 12th standard. She completed her MBBS at SUT Medical College, Trivandrum, and is currently pursuing PG Anaesthesia Resident in Pune. Simmy is a fun loving, hardworking person who loves travelling and exploring. She is also a devout Christian."
LOVNA MOHAN JOSE,defpass123,EKM500044@email.com,user,free,0,,EKM500044,Female,30 /30-04-1991,5 ft 2 in - 157 cm,57 kg,Moderate Fair,Average,UnMarried,0,Normal,Malayalam,Ernakulam,A+ve,Parents,Christian,Latin Catholic,makam,shudhajathakam,Masters,M.Com,Student,Not Working,-,Not Mentioned,-,Not Mentioned,Not Mentioned,"Ernakulam,aluva,682234","Fortkochi, Kochi,682043",9995050004.0,8078565632.0,9995050004.0,LOVNA MOHAN JOSE,sister,Mohan Jose,M.Com,Film Actor,,Felishya,M.Com,Beautician (Self Employed),Beautician (Self Employed),0,0,0,0,Joint family,Moderate,Upper Middle Class,bike,Eggetarian,Don't Drink,Don't Smoke,"malayalam,hindi",Browsing,Traveling,24,32,162 cm,170 cm,Moderate Fair,Average,UnMarried,Normal,Upper Middle Class,Christian,Latin Catholic,makam,shudhajathakam,M.Com,Film Actor,,Dominica,tamilnadu,Thiruvananthapuram,orthodox familyand lovable ,"She is brought up with high moral values so expecting a partner with the same quality. She likes dancing, acting and watching movies."
SILENE MARIA SIMON,defpass123,EKM500045@email.com,user,free,0,,EKM500045,male,30 /05-02-1992,5 ft - 152 cm,50 kg,Fair,Average,UnMarried,0,Normal,Malayalam,Gothuruth,NM,Parents,Christian,Latin Catholic,moolam,chovadosham,Bachelors,B.Arch,Other,Architect,Realehirisers,Ernakulam,Realehirisers,Ernakulam,Not Mentioned,"Ernakulam,aluva,682234","Fortkochi, Kochi,682043",9995050001.0,8078565633.0,9995050001.0,SILENE MARIA SIMON,parent,Simon Selvom,B.Arch,Rtd. Ksrtc Employee(Inspector),,Teresa Alice,B.Arch,Rtd. Principal(Hse),Rtd. Principal(Hse),0,0,2,0,Nuclear family,Liberal,MiddleClass,"house,car",Vegetarian,Don't Drink,Don't Smoke,"English,malayalam",Reading,Traveling,23,31,150 cm,165 cm,Fair,Average,UnMarried,Normal,MiddleClass,Christian,Latin Catholic,moolam,chovadosham,B.Arch,Rtd. Ksrtc Employee(Inspector),,Ecuador,kerala,Kollam,"simple family,goodlooking girl","She is our second daughter,quite petite person,loves to employ her artistic talents, Born and brought up in Kerala, Did her bachelor degree in Architecture from Excel College of Architecture and planning (Tamil Nadu),Currently working for a construction Firm Reale-HiRisers (Aroor),and runs her own personal works along.. IELTS-7"
JOHNSY JOHNY,defpass123,EKM500046@email.com,user,free,0,,EKM500046,Female,31 /28-01-1991,5 ft 1 in - 154 cm,44 kg,Medium,Slim,UnMarried,0,Normal,Malayalam,Alappuzha,B+ve,Parents,Christian,Latin Catholic,uthradam,shudhajathakam,Diploma,B.Sc Nursing,Abroad,B.Sc Nurse,"Armed Forces Military Hospital, Jazan",Saudi Arabia,"Armed Forces Military Hospital, Jazan",Saudi Arabia,Not Mentioned,"Ernakulam,aluva,682234","Fortkochi, Kochi,682043",9995050002.0,8078565634.0,9995050002.0,JOHNSY JOHNY,uncle,K Johny,B.Sc Nursing,Maison,,Gracy,B.Sc Nursing,Home Maker,,1,1,0,0,Joint family,Moderate,MiddleClass,bike,Non Vegetarian,Don't Drink,Don't Smoke,"malayalam,hindi",Browsing,Traveling,24,32,152 cm,170 cm,Medium,Slim,UnMarried,Normal,MiddleClass,Christian,Latin Catholic,uthradam,shudhajathakam,B.Sc Nursing,Maison,,Egypt,tamilnadu,Pathanamthitta,orthodox familyand lovable ,-
LINU JOY,defpass123,EKM500047@email.com,user,free,0,,EKM500047,male,36 /12-06-1985,5 ft 1 in - 154 cm,Not Mentioned,Fair,Slim,Divorcee,0,Normal,Malayalam,Ernakulam,NM,Siblings,Christian,Latin Catholic,thiruvonam,chovadosham,Trade School / TTC / ITI,B.Sc Nursing,Defence,Not Working,Not Mentioned,Not Mentioned,Not Mentioned,Not Mentioned,Not Mentioned,"Ernakulam,aluva,682234","Fortkochi, Kochi,682043",9995050003.0,8078565635.0,9995050003.0,LINU JOY,brother,Joy T C,B.Sc Nursing,Not Working,,Gracy Joy,B.Sc Nursing,House Wife,,0,0,2,2,Nuclear family,Moderate,MiddleClass,"house,car",Eggetarian,Don't Drink,Don't Smoke,"English,malayalam",Reading,Traveling,23,31,155 cm,165 cm,Fair,Slim,Divorcee,Normal,MiddleClass,Christian,Latin Catholic,thiruvonam,chovadosham,B.Sc Nursing,Not Working,,Eritrea,kerala,Alappuzha,"simple family,goodlooking girl",-
DR. KIRAN PASKALICE,defpass123,EKM500048@email.com,user,free,0,,EKM500048,Female,30 /20-06-1991,5 ft 2 in - 157 cm,Not Mentioned,Moderate Fair,Average,UnMarried,0,Normal,Malayalam,Vypin,A+ve,Parents,Christian,Latin Catholic,chothi,shudhajathakam,Higher Secondary / Plus Two,MBBS,Government,MD Radiation Oncology Final year,"RCC ,Trivandrum",Trivandrum,"RCC ,Trivandrum",Trivandrum,Not Mentioned,"Ernakulam,aluva,682234","Fortkochi, Kochi,682043",9995050004.0,8078565636.0,9995050004.0,DR. KIRAN PASKALICE,sister,Psakalice (Late),MBBS,-,,Alice,MBBS,Homemaker,,1,0,0,0,Joint family,Liberal,MiddleClass,bike,Vegetarian,Don't Drink,Don't Smoke,"malayalam,hindi",Browsing,Traveling,24,32,166 cm,170 cm,Moderate Fair,Average,UnMarried,Normal,MiddleClass,Christian,Latin Catholic,chothi,shudhajathakam,MBBS,-,,Estonia,tamilnadu,Kottayam,orthodox familyand lovable ,Understanding and caring.
RAMYA JOSE,defpass123,EKM500049@email.com,user,free,0,,EKM500049,male,33 /25-03-1988,5 ft - 152 cm,58 kg,Moderate Fair,Average,UnMarried,0,Normal,Malayalam,Ernakulam,A-ve,Parents,Christian,Latin Catholic,makam,chovadosham,High School,B. Tech ,Homemaker,Manager,Amazon,Hyderabad,Amazon,Hyderabad,Not Mentioned,"Ernakulam,aluva,682234","Fortkochi, Kochi,682043",9995050001.0,8078565637.0,9995050001.0,RAMYA JOSE,parent,P G Jose Sebastian,B. Tech ,Civil Engineer,,Moly Jose,B. Tech ,Homemaker,,0,0,1,0,Nuclear family,Moderate,Upper Middle Class,"house,car",Non Vegetarian,Don't Drink,Don't Smoke,"English,malayalam",Reading,Traveling,23,31,165 cm,165 cm,Moderate Fair,Average,UnMarried,Normal,Upper Middle Class,Christian,Latin Catholic,makam,chovadosham,B. Tech ,Civil Engineer,,Ethiopia,kerala,Idukki,"simple family,goodlooking girl",Ramya was born in Ernakulam and raised in Hyderabad. Her graduation was done in Warangal . She is currently working with Amazon in its Alexa Project as Manager in to Training and Program Management.
JOSENA,defpass123,EKM500050@email.com,user,free,0,,EKM500050,Female,32 /12-11-1989,5 ft 1 in - 154 cm,67 kg,Medium,Average,Awaiting Divorce,1,Normal,Malayalam,"Alappuzha,kayamkulam",B+ve,Self,Christian,Latin Catholic,moolam,shudhajathakam,Doctorate,Nursing,Not Working,Nurse,private hospital,Kuwait,private hospital,Kuwait,Not Mentioned,"Ernakulam,aluva,682234","Fortkochi, Kochi,682043",9995050002.0,8078565631.0,9995050002.0,JOSENA,uncle,Alfred,Nursing,Tailor,,Rosely,Nursing,Retired Government Employe,,0,0,1,1,Joint family,Moderate,MiddleClass,bike,Eggetarian,Don't Drink,Don't Smoke,"malayalam,hindi",Browsing,Traveling,24,32,152 cm,170 cm,Medium,Average,Awaiting Divorce,Normal,MiddleClass,Christian,Latin Catholic,moolam,shudhajathakam,Nursing,Tailor,,Fiji,tamilnadu,Thrissur,orthodox familyand lovable ,my name is josena and iam working as a nurse in the Private sector in kuwait. I grew up in a Middle Class nuclear family. we separated in 6yrs ago and I have 6yrs old boy leaving with my family.
